{
  "num_samples": 17,
  "base_model_avg": 0.1911764705882353,
  "fine_tuned_avg": 0.6535294117647059,
  "improvement": 0.46235294117647063,
  "base_scores": [
    0.0,
    0.45,
    0.0,
    0.85,
    0.0,
    0.65,
    0.0,
    0.0,
    0.45,
    0.0,
    0.0,
    0.85,
    0.0,
    0.0,
    0.0,
    0.0,
    0.0
  ],
  "fine_tuned_scores": [
    0.8,
    0.8,
    0.8,
    0.8,
    0.8,
    0.8,
    0.77,
    0.8,
    0.8,
    0.77,
    0.0,
    0.8,
    0.0,
    0.77,
    0.8,
    0.8,
    0.0
  ]
}